{
	"name": "WOWSlider",
	"title": "jQuery Slider - WOW image slider",
	"description": "WOW Slider is a jQuery image slider plugin with fantastic visual effects and  beautifully designed themes. Comes with a GUI wizard to create sliders without coding and image editing. Responsive, fully accessible as a pure CSS slider if the Javascript is turned off, touch swipe support, all browsers, all devices,  search engine friendly, clean and valid markup.",
	"keywords": [ "animation", "html5","ui", "effect", "scroll", "gallery", "image", "slider", "javascript", "jquery", "photo", "css", "picture", "plugin", "responsive", "slider", "slideshow", "wowslider"],
	"version": "8.6", 
	"author": {
		"name": "WOWSlider.com",
		"url": "http://wowslider.com" 
	},   
	"maintainers": [
	{
		"name": "WOWSlider.com",
		"url": "http://wowslider.com"
	} 
	],
	"licenses": [
	{ 
		"type": "Free for non-commercial use",
		"url": "http://wowslider.com/license.html"
	}  
	],
	"homepage": "http://wowslider.com",
	"demo":  "http://wowslider.com/demo.html",
	"docs": "http://wowslider.com/index.html#help",
	"download": "http://wowslider.com",
	"dependencies": {
		"jquery": ">=1.5"
	}
}
